seed,rotate,pair_group,freeze_result,freeze_failed_conditions,freeze_rel_x_m,freeze_rel_y_m,freeze_rel_z_m,freeze_orientation_alignment,freeze_inhand_status,freeze_inhand_bias_m,freeze_stop_reason,freeze_actions,freeze_cost_step,freeze_cost_time_s,finetune_result,finetune_failed_conditions,finetune_rel_x_m,finetune_rel_y_m,finetune_rel_z_m,finetune_orientation_alignment,finetune_inhand_status,finetune_inhand_bias_m,finetune_stop_reason,finetune_actions,finetune_cost_step,finetune_cost_time_s
1000000,pi,both_failed,failed,z_depth+inhand_bias,-0.001804837,0.000184114,-0.026965040,0.998277066,fail,0.040294637,inhand_early_stop,229,650,83.832148,failed,x+z_depth+orientation+inhand_bias,-0.010450941,-0.000479900,-0.005732725,0.847937920,fail,0.040084815,inhand_early_stop,203,631,77.905112
1000001,0,both_failed,failed,z_depth+inhand_bias,0.002264863,-0.000933501,-0.027824593,0.995815966,fail,0.040798746,inhand_early_stop,135,606,63.051757,failed,z_depth+inhand_bias,0.001931123,-0.000451923,-0.038132232,0.998707642,fail,0.040409149,inhand_early_stop,160,595,64.425809
1000002,pi,both_failed,failed,z_depth+inhand_bias,-0.002475797,-0.000602425,-0.028570962,0.997585083,fail,0.040620069,inhand_early_stop,148,606,63.506784,failed,z_depth+inhand_bias,-0.002262825,-0.000274621,-0.033673836,0.998623991,fail,0.040159249,inhand_early_stop,150,567,61.799526
1000003,0,both_failed,failed,z_depth+orientation+inhand_bias,-0.008780315,0.002086621,0.005572226,0.928129247,fail,0.040100415,inhand_early_stop,166,621,66.979828,failed,z_depth+orientation+inhand_bias,-0.007045536,0.001219923,0.004333803,0.936240856,fail,0.040021309,inhand_early_stop,180,636,69.477205
1000004,0,both_success,success,,0.000406658,0.000137752,-0.040196649,0.998356549,pass_implied,,success,201,637,71.906886,success,,0.000674335,0.000310953,-0.040244885,0.998335976,pass_implied,,success,220,662,76.048490
1000005,pi,both_failed,failed,z_depth+orientation+inhand_bias,0.007272414,0.000012554,-0.011934743,0.774325426,fail,0.040369761,inhand_early_stop,175,590,66.370305,failed,z_depth+inhand_bias,-0.001600342,0.000898514,-0.017903089,0.995056627,fail,0.040575179,inhand_early_stop,237,653,79.042817
1000006,pi,freeze_only,success,,-0.000566014,0.001203601,-0.040198191,0.998959841,pass_implied,,success,190,613,72.900945,failed,z_depth+inhand_bias,-0.002307946,-0.000115747,-0.025993139,0.995984505,fail,0.040735701,inhand_early_stop,67,497,48.179558
1000007,pi,both_success,success,,-0.001092340,-0.000750109,-0.040817641,0.999997330,pass_implied,,success,129,593,61.526869,success,,-0.000132499,-0.000237098,-0.040374114,0.999809710,pass_implied,,success,122,588,59.412128
1000008,pi,both_failed,failed,z_depth+inhand_bias,-0.002350972,-0.001752177,-0.024454374,0.995676074,fail,0.040574435,inhand_early_stop,207,629,74.915519,failed,z_depth+inhand_bias,-0.002283368,-0.001049142,-0.024769056,0.995073918,fail,0.040553935,inhand_early_stop,153,587,64.452946
1000009,pi,both_failed,failed,z_depth+orientation+inhand_bias,0.006398355,-0.000142670,-0.012437973,0.771891981,fail,0.040463040,inhand_early_stop,158,568,64.732772,failed,z_depth+orientation+inhand_bias,0.008214365,-0.000397869,-0.010330276,0.714370455,fail,0.040416749,inhand_early_stop,145,538,60.827744
1000010,pi,both_failed,failed,z_depth+orientation+inhand_bias,0.005841606,-0.000890303,-0.012919457,0.797018540,fail,0.040352567,inhand_early_stop,182,590,70.087133,failed,z_depth+orientation+inhand_bias,-0.007370588,-0.008958023,-0.003910687,0.835020954,fail,0.040342475,inhand_early_stop,187,578,68.022224
1000011,pi,both_failed,failed,z_depth+inhand_bias,0.000439931,0.001184925,-0.019927873,0.993261266,fail,0.040377814,inhand_early_stop,210,625,74.877145,failed,z_depth+orientation+inhand_bias,-0.008586662,0.005225364,-0.004848755,0.906444528,fail,0.040132573,inhand_early_stop,188,610,71.497918
1000012,pi,both_success,success,,-0.000820750,0.000454200,-0.040497373,0.999938524,pass_implied,,success,168,605,61.469820,success,,-0.000096358,0.000399359,-0.040074093,0.999596624,pass_implied,,success,160,584,59.451880
1000013,pi,both_failed,failed,z_depth+orientation+inhand_bias,0.006355288,-0.000779169,-0.011372561,0.737477661,fail,0.040377985,inhand_early_stop,191,594,60.978541,failed,z_depth+orientation+inhand_bias,0.004842480,-0.000381333,-0.013977931,0.842203914,fail,0.040354246,inhand_early_stop,198,606,63.422662
1000014,0,both_failed,failed,z_depth+inhand_bias,0.002389781,0.000622902,-0.023436724,0.994807828,fail,0.040256711,inhand_early_stop,175,575,57.349442,failed,z_depth+inhand_bias,0.002017370,0.001703661,-0.027693287,0.993954390,fail,0.040241589,inhand_early_stop,204,621,64.644791
1000015,pi,finetune_only,failed,z_depth+orientation+inhand_bias,0.003226854,0.000458466,-0.016383319,0.901504701,fail,0.040320188,inhand_early_stop,101,533,46.390318,success,,-0.001933557,-0.000022708,-0.040322354,0.999367632,pass_implied,,success,206,650,66.046008
1000016,0,both_failed,failed,z_depth+inhand_bias,0.001723579,0.001605965,-0.026807214,0.994647214,fail,0.040350096,inhand_early_stop,196,609,62.578703,failed,z_depth+orientation+inhand_bias,-0.007274990,0.007108978,0.004613798,0.909092129,fail,0.040097155,inhand_early_stop,164,592,58.831549
1000017,0,both_failed,failed,z_depth+orientation+inhand_bias,-0.009185972,0.000087832,-0.008473714,0.624606378,fail,0.040273112,inhand_early_stop,171,596,57.534358,failed,inhand_bias,0.001303691,-0.000205424,-0.040122173,0.998745934,fail,0.040265777,inhand_early_stop,197,627,63.778616
1000018,0,both_success,success,,0.000585305,-0.000982729,-0.041268416,0.998565846,pass_implied,,success,227,613,64.965553,success,,0.000887220,-0.001049533,-0.040765815,0.998447943,pass_implied,,success,226,626,67.207044
1000019,pi,both_failed,failed,z_depth+orientation+inhand_bias,0.001911543,-0.000095701,-0.020401493,0.976761863,fail,0.040160388,inhand_early_stop,208,590,62.139641,failed,z_depth+inhand_bias,-0.001629769,0.000409133,-0.032627713,0.998488057,fail,0.040019924,inhand_early_stop,231,626,68.771620
1000020,pi,both_failed,failed,x+z_depth+orientation+inhand_bias,-0.015583800,-0.008910353,-0.008273314,0.959455661,fail,0.040007700,inhand_early_stop,180,580,57.526478,failed,x+z_depth+orientation+inhand_bias,-0.014188973,-0.008057744,-0.007767738,0.911642157,fail,0.040107933,inhand_early_stop,186,586,59.441260
1000021,pi,both_failed,failed,z_depth+inhand_bias,-0.002412751,-0.000363409,-0.021164015,0.994064210,fail,0.040169180,inhand_early_stop,186,564,58.760264,failed,z_depth+inhand_bias,-0.001436874,0.000067306,-0.031496352,0.997282481,fail,0.040848251,inhand_early_stop,186,601,60.213587
1000022,pi,both_failed,failed,z_depth+orientation+inhand_bias,0.005712863,-0.000094865,-0.014219281,0.852058291,fail,0.040327232,inhand_early_stop,107,519,46.385875,failed,z_depth+inhand_bias,-0.002630971,0.002769268,-0.004644212,0.999331328,fail,0.040313652,inhand_early_stop,204,594,60.299313
1000023,pi,both_failed,failed,z_depth+inhand_bias,-0.002122761,-0.001384225,-0.025210257,0.995145413,fail,0.040401897,inhand_early_stop,171,586,57.574589,failed,z_depth+inhand_bias,-0.009376409,-0.002577668,-0.006854275,0.994632630,fail,0.040508199,inhand_early_stop,163,548,53.180195
1000024,0,both_failed,failed,z_depth+inhand_bias,0.001419898,-0.000617934,-0.029393833,0.996378489,fail,0.040529661,inhand_early_stop,178,566,57.386310,failed,z_depth+orientation+inhand_bias,-0.007976461,-0.006940159,0.005297435,0.666922918,fail,0.040283166,inhand_early_stop,149,555,51.965126
1000025,0,both_success,success,,0.001883441,-0.000141745,-0.040484645,0.999414061,pass_implied,,success,150,532,52.311203,success,,0.001709638,0.000368605,-0.040894694,0.999760961,pass_implied,,success,144,572,51.246668
1000026,0,freeze_only,success,,0.001277263,-0.000491961,-0.040253392,0.998669419,pass_implied,,success,169,558,55.537463,failed,z_depth+orientation+inhand_bias,-0.001476108,-0.000031992,-0.018447892,0.979139975,fail,0.040178427,inhand_early_stop,226,662,65.472060
1000027,pi,both_failed,failed,z_depth+inhand_bias,-0.002405217,0.000995687,-0.021893192,0.993858165,fail,0.040607790,inhand_early_stop,160,563,55.729304,failed,z_depth+inhand_bias,-0.002116580,0.001274336,-0.023162145,0.994788927,fail,0.040404424,inhand_early_stop,189,608,59.199450
1000028,0,both_failed,failed,z_depth+orientation+inhand_bias,-0.008207182,0.001669178,0.001600443,0.574516965,fail,0.040047377,inhand_early_stop,179,555,57.744037,failed,x+z_depth+orientation+inhand_bias,-0.014796174,-0.002173164,0.009000579,0.900490634,fail,0.040063829,inhand_early_stop,255,660,67.701126
1000029,pi,finetune_only,failed,z_depth+inhand_bias,-0.001880601,0.000797299,-0.034803095,0.998461565,fail,0.040404701,inhand_early_stop,216,622,65.693028,success,,-0.001094095,0.000285829,-0.040236827,0.999969893,pass_implied,,success,102,493,44.017684
1000030,pi,both_failed,failed,z_depth+inhand_bias,-0.001864374,-0.001170403,-0.028545788,0.996835435,fail,0.040005459,inhand_early_stop,232,662,69.087527,failed,z_depth+inhand_bias,-0.002046999,-0.001571029,-0.029953260,0.997805733,fail,0.040248611,inhand_early_stop,268,653,70.004913
1000031,0,both_failed,failed,z_depth+orientation+inhand_bias,0.001703391,-0.001641440,-0.024134540,0.985981921,fail,0.040054589,inhand_early_stop,217,630,65.571103,failed,z_depth+inhand_bias,0.002062889,-0.001350382,-0.027589303,0.992917975,fail,0.040488548,inhand_early_stop,216,617,62.435031
1000032,pi,finetune_only,failed,z_depth+orientation,-0.003977849,-0.002534071,-0.003906300,0.783880089,unknown_not_recorded,,action_limit,300,692,79.092274,success,,-0.000594985,0.000748965,-0.040512037,0.999988513,pass_implied,,success,239,628,65.891374
1000033,pi,both_failed,failed,z_depth+orientation+inhand_bias,0.007274424,-0.000460757,-0.012147670,0.788967786,fail,0.040085358,inhand_early_stop,185,567,58.448094,failed,z_depth+inhand_bias,0.000871229,0.000229360,-0.019484049,0.999420072,fail,0.040422985,inhand_early_stop,215,618,62.426408
1000034,pi,both_failed,failed,z_depth+orientation+inhand_bias,-0.002269729,-0.000064090,-0.020004343,0.982944179,fail,0.040779396,inhand_early_stop,85,476,42.995237,failed,x+z_depth+orientation+inhand_bias,-0.017228759,-0.008092787,-0.009244570,0.962558180,fail,0.040059301,inhand_early_stop,192,642,59.380955
1000035,pi,both_failed,failed,z_depth+orientation+inhand_bias,0.000825667,0.001832421,-0.018239706,0.983082269,fail,0.040012453,inhand_early_stop,231,618,66.280337,failed,z_depth+inhand_bias,-0.002205783,0.000815098,-0.021824688,0.996027750,fail,0.040058110,inhand_early_stop,205,634,62.311867
1000036,0,both_success,success,,0.000071513,0.000016892,-0.040142916,0.998430271,pass_implied,,success,203,571,60.110009,success,,0.000309901,-0.000044558,-0.040117568,0.998373595,pass_implied,,success,211,611,61.301231
1000037,0,both_failed,failed,z_depth+inhand_bias,0.002040577,-0.000834350,-0.034975250,0.998187224,fail,0.040357163,inhand_early_stop,149,527,53.206858,failed,z_depth+inhand_bias,0.001714046,-0.000749183,-0.033060603,0.997682140,fail,0.040168061,inhand_early_stop,165,552,53.303918
1000038,0,both_failed,failed,z_depth+inhand_bias,0.002124502,0.001204520,-0.027959707,0.995587587,fail,0.040511673,inhand_early_stop,190,577,60.593248,failed,z_depth+orientation+inhand_bias,-0.006870172,0.007975008,0.004879932,0.971982721,fail,0.040071532,inhand_early_stop,189,605,58.771440
1000039,0,both_failed,failed,z_depth+inhand_bias,0.002705974,0.001954372,-0.037450082,0.998707755,fail,0.040214192,inhand_early_stop,228,637,68.682842,failed,z_depth+orientation+inhand_bias,-0.008522389,0.004953004,0.005042720,0.793889901,fail,0.040091297,inhand_early_stop,165,613,56.539788
1000040,0,both_success,success,,0.000174372,0.000041133,-0.040454083,0.999384906,pass_implied,,success,158,572,54.742217,success,,0.001112290,0.000009702,-0.040160585,0.999631889,pass_implied,,success,137,548,49.936912
1000041,0,finetune_only,failed,z_depth+inhand_bias,0.002294777,-0.001049646,-0.027860269,0.996236648,fail,0.040421972,inhand_early_stop,132,570,52.748871,success,,0.001921041,-0.000967582,-0.040247533,0.998707456,pass_implied,,success,148,543,50.773354
1000042,0,both_failed,failed,z_depth+orientation+inhand_bias,-0.007214174,0.002028661,0.000521601,0.557502206,fail,0.040054554,inhand_early_stop,214,615,64.669576,failed,x+z_depth+orientation+inhand_bias,-0.013332743,0.007346884,0.008749595,0.981851418,fail,0.040186156,inhand_early_stop,224,624,63.264543
1000043,pi,both_failed,failed,z_depth+inhand_bias,-0.002354655,-0.001525042,-0.028826350,0.997392581,fail,0.040516810,inhand_early_stop,259,654,73.526494,failed,z_depth+inhand_bias,-0.002295261,-0.001960126,-0.032283070,0.997991379,fail,0.040479225,inhand_early_stop,257,653,69.208285
1000044,pi,both_failed,failed,z_depth+orientation+inhand_bias,-0.008004884,0.003544772,-0.003633182,0.659243641,fail,0.040168082,inhand_early_stop,209,609,64.613856,failed,z_depth+orientation+inhand_bias,-0.008074890,0.007135947,-0.003879009,0.715853854,fail,0.040102642,inhand_early_stop,206,607,60.589535
1000045,0,finetune_only,failed,z_depth+inhand_bias,0.001077907,-0.000977414,-0.029437282,0.996501626,fail,0.040341229,inhand_early_stop,252,684,73.139563,success,,0.001830845,-0.000153107,-0.040459233,0.999158308,pass_implied,,success,159,555,52.959227
1000046,0,both_failed,failed,z_depth+orientation+inhand_bias,-0.007131335,-0.007793461,0.004489854,0.898956226,fail,0.040140032,inhand_early_stop,202,595,63.074802,failed,x+y+z_depth+orientation+inhand_bias,-0.010384378,-0.010638377,0.007551621,0.559674746,fail,0.040009467,inhand_early_stop,261,630,67.637257
1000047,0,both_failed,failed,z_depth+orientation+inhand_bias,0.001001591,0.000561466,-0.024640025,0.979039200,fail,0.040000364,inhand_early_stop,251,656,70.972582,failed,z_depth+inhand_bias,0.001305050,-0.001120905,-0.031665045,0.995077270,fail,0.040511617,inhand_early_stop,256,635,66.649591
1000048,pi,both_failed,failed,z_depth+inhand_bias,-0.001568324,0.000947965,-0.023093398,0.995939634,fail,0.040277507,inhand_early_stop,220,648,65.844099,failed,z_depth+inhand_bias,-0.001686716,0.001159491,-0.032325029,0.997437604,fail,0.040501136,inhand_early_stop,195,597,59.733323
1000049,pi,freeze_only,success,,-0.001302355,0.000544689,-0.040235058,0.998698091,pass_implied,,success,185,609,60.370311,failed,z_depth+inhand_bias,-0.001322711,0.000616875,-0.035783702,0.997899316,fail,0.040133522,inhand_early_stop,187,612,58.851176
1000050,0,freeze_only,success,,0.001727562,0.000002118,-0.040304910,0.998953356,pass_implied,,success,223,656,66.154768,failed,z_depth+orientation+inhand_bias,-0.009227612,-0.000120190,-0.002517046,0.557790077,fail,0.040404368,inhand_early_stop,185,614,57.749993
1000051,0,both_failed,failed,z_depth+orientation+inhand_bias,-0.006672488,0.006442888,0.004744363,0.972450256,fail,0.040147810,inhand_early_stop,173,598,59.189159,failed,z_depth+orientation+inhand_bias,-0.006826322,0.007385525,0.004349710,0.911034016,fail,0.040122897,inhand_early_stop,178,590,57.347528
1000052,0,both_failed,failed,z_depth+orientation+inhand_bias,-0.006705919,-0.008313152,0.004339669,0.921179305,fail,0.040023031,inhand_early_stop,195,603,61.061015,failed,z_depth+inhand_bias,0.001842847,-0.001045291,-0.033478271,0.997623217,fail,0.040937293,inhand_early_stop,254,692,69.195862
1000053,0,both_failed,failed,z_depth+orientation+inhand_bias,0.000745866,-0.001498094,-0.024313872,0.984961720,fail,0.040120463,inhand_early_stop,225,605,66.658154,failed,z_depth+orientation+inhand_bias,0.000871814,-0.001519502,-0.025522988,0.987742803,fail,0.040051025,inhand_early_stop,238,629,65.865026
1000054,pi,both_failed,failed,z_depth+orientation+inhand_bias,-0.009610577,-0.004679896,-0.005229865,0.851813062,fail,0.040165842,inhand_early_stop,147,534,52.734587,failed,x+z_depth+orientation+inhand_bias,-0.013337820,-0.009535123,-0.007330243,0.910242104,fail,0.040120927,inhand_early_stop,175,547,54.733443
1000055,pi,both_success,success,,-0.000509920,-0.000603796,-0.040779506,0.999952601,pass_implied,,success,163,560,56.265384,success,,-0.000455518,-0.000485873,-0.040717373,0.999939736,pass_implied,,success,154,544,51.651412
1000056,pi,finetune_only,failed,z_depth+inhand_bias,-0.001340113,0.000256191,-0.037329793,0.998486650,fail,0.040147150,inhand_early_stop,201,620,63.182449,success,,0.000083621,0.000448233,-0.041141939,0.999189936,pass_implied,,success,195,617,60.111666
1000057,0,both_failed,failed,z_depth+orientation+inhand_bias,-0.005603216,0.001773297,-0.010718856,0.685478942,fail,0.040513229,inhand_early_stop,191,583,59.949321,failed,z_depth+inhand_bias,0.001502065,0.000086218,-0.033707991,0.997490545,fail,0.040166291,inhand_early_stop,192,586,58.444539
1000058,0,freeze_only,success,,0.002219950,0.000145391,-0.040170153,0.998807314,pass_implied,,success,199,580,61.661161,failed,x+z_depth+orientation+inhand_bias,-0.010953516,0.007287260,0.007035865,0.956672668,fail,0.040121105,inhand_early_stop,162,578,55.396048
1000059,0,both_success,success,,0.001847786,0.000219099,-0.040953830,0.999615238,pass_implied,,success,158,547,52.754257,success,,0.002313333,0.000365880,-0.040015951,0.999173331,pass_implied,,success,172,577,55.629730
1000060,pi,both_failed,failed,z_depth+orientation+inhand_bias,0.004254929,-0.000022341,-0.014548938,0.872959476,fail,0.040175686,inhand_early_stop,165,545,54.066387,failed,z_depth+orientation+inhand_bias,0.002187128,0.000195920,-0.016333173,0.935183122,fail,0.040212034,inhand_early_stop,191,586,58.965003
1000061,pi,both_failed,failed,x+z_depth+inhand_bias,-0.010278580,-0.008742405,-0.004274102,0.998847905,fail,0.040191858,inhand_early_stop,143,544,52.546466,failed,z_depth+inhand_bias,-0.002222864,-0.000739603,-0.028654627,0.997078762,fail,0.040415356,inhand_early_stop,163,598,56.380222
1000062,pi,both_failed,failed,z_depth+inhand_bias,-0.002351092,-0.001009823,-0.020622282,0.990701194,fail,0.040492213,inhand_early_stop,151,580,55.615164,failed,z_depth+inhand_bias,-0.002422598,-0.001029013,-0.022895393,0.994352920,fail,0.040296700,inhand_early_stop,174,607,58.248606
1000063,pi,both_failed,failed,z_depth+orientation+inhand_bias,0.007498526,-0.000517003,-0.010389746,0.693509236,fail,0.040418004,inhand_early_stop,180,608,59.812973,failed,z_depth+orientation+inhand_bias,-0.008228609,-0.008119863,-0.004438901,0.893805627,fail,0.040018733,inhand_early_stop,186,616,58.981962
1000064,pi,both_failed,failed,z_depth+inhand_bias,-0.001823085,-0.000135647,-0.031453735,0.998649788,fail,0.040219846,inhand_early_stop,57,491,40.053382,failed,z_depth+inhand_bias,-0.002045286,0.001735180,-0.023040639,0.995213078,fail,0.040700942,inhand_early_stop,211,626,63.981299
1000065,0,both_failed,failed,z_depth+inhand_bias,0.001908999,-0.001527569,-0.028097931,0.990267624,fail,0.040378582,inhand_early_stop,252,680,70.298057,failed,z_depth+orientation,0.001095497,-0.000403172,-0.026118665,0.986525532,unknown_not_recorded,,action_limit,300,691,74.470209
1000066,0,both_success,success,,0.000365086,-0.000157961,-0.041100538,0.998663842,pass_implied,,success,179,577,56.993546,success,,0.000619871,-0.000234257,-0.040155322,0.999683143,pass_implied,,success,150,541,50.787670
1000067,0,both_failed,failed,z_depth+orientation+inhand_bias,-0.003438250,-0.002068652,-0.002601390,0.655440924,fail,0.040163667,inhand_early_stop,166,564,55.905094,failed,z_depth+orientation+inhand_bias,-0.009819467,0.000384275,0.005422112,0.715060901,fail,0.040060914,inhand_early_stop,162,565,54.364558
1000068,0,freeze_only,success,,0.000391498,0.000461925,-0.041037534,0.999131019,pass_implied,,success,194,621,61.591946,failed,z_depth+orientation+inhand_bias,-0.009171217,0.000078018,0.005506694,0.866580943,fail,0.040050564,inhand_early_stop,214,634,63.199498
1000069,0,both_failed,failed,z_depth+orientation+inhand_bias,0.000239464,-0.001204386,-0.022393431,0.977609507,fail,0.040100057,inhand_early_stop,192,590,60.659787,failed,z_depth+orientation+inhand_bias,0.001052590,-0.001762074,-0.025809364,0.987866342,fail,0.040328051,inhand_early_stop,253,649,68.658445
1000070,pi,both_success,success,,-0.001747553,0.001256137,-0.042141034,0.998953497,pass_implied,,success,193,597,62.216329,success,,-0.001762500,0.001161174,-0.040880475,0.999311004,pass_implied,,success,253,649,69.628674
1000071,0,finetune_only,failed,z_depth+orientation+inhand_bias,-0.007977698,0.004769188,0.005109248,0.924440677,fail,0.040126896,inhand_early_stop,136,545,51.604217,success,,0.001467314,0.000610932,-0.040070799,0.998929442,pass_implied,,success,206,629,61.502907
1000072,pi,finetune_only,failed,z_depth+orientation+inhand_bias,0.004271596,-0.000231113,-0.016719250,0.919662569,fail,0.040240085,inhand_early_stop,204,615,62.618571,success,,-0.001573569,0.000383119,-0.040728098,0.999379769,pass_implied,,success,250,666,68.596298
1000073,pi,both_failed,failed,z_depth+inhand_bias,-0.002641083,-0.000112445,-0.022146844,0.996177358,fail,0.040753529,inhand_early_stop,171,578,56.958536,failed,z_depth+inhand_bias,-0.001478025,-0.000117431,-0.033282347,0.997593403,fail,0.041247165,inhand_early_stop,186,603,58.567993
1000074,pi,both_failed,failed,z_depth+inhand_bias,-0.001619013,-0.000677693,-0.026929454,0.996854975,fail,0.040068295,inhand_early_stop,215,626,64.777191,failed,z_depth+inhand_bias,-0.001856736,-0.001082704,-0.030803648,0.998160579,fail,0.040101364,inhand_early_stop,232,633,65.438515
1000075,pi,freeze_only,success,,-0.001238813,0.000324879,-0.041508195,0.999672769,pass_implied,,success,211,639,64.881218,failed,x+z_depth+orientation+inhand_bias,-0.013397977,0.006377668,-0.007415688,0.858933754,fail,0.040057341,inhand_early_stop,238,686,68.089531
1000076,pi,both_failed,failed,z_depth+orientation+inhand_bias,0.007403510,-0.000024686,-0.010800163,0.736880496,fail,0.040358388,inhand_early_stop,207,606,63.013795,failed,z_depth+orientation+inhand_bias,0.004520118,-0.000296751,-0.014510235,0.875939566,fail,0.040203325,inhand_early_stop,263,684,71.779369
1000077,pi,both_failed,failed,z_depth+orientation+inhand_bias,0.001343510,0.001543807,-0.018367022,0.984138358,fail,0.040039692,inhand_early_stop,214,609,64.123247,failed,z_depth+inhand_bias,-0.002844393,0.001827408,-0.005787835,0.999639334,fail,0.040102903,inhand_early_stop,149,545,52.820080
1000078,pi,both_failed,failed,z_depth+orientation+inhand_bias,-0.000424959,-0.001033568,-0.018552078,0.974072860,fail,0.040001208,inhand_early_stop,226,646,68.195732,failed,z_depth+orientation+inhand_bias,0.002368333,-0.000566026,-0.016245628,0.932087230,fail,0.040276062,inhand_early_stop,250,642,67.393707
1000079,pi,both_success,success,,-0.000885623,0.000910470,-0.041104299,0.999996797,pass_implied,,success,141,534,50.987845,success,,-0.000585913,0.000840183,-0.040133210,0.999961152,pass_implied,,success,156,550,53.306811
1000080,pi,both_failed,failed,z_depth+inhand_bias,-0.002337079,-0.001927429,-0.023339052,0.993437616,fail,0.040491645,inhand_early_stop,246,643,67.580261,failed,z_depth+inhand_bias,-0.002550553,-0.001596147,-0.026360589,0.995600110,fail,0.040005500,inhand_early_stop,232,612,64.562489
1000081,pi,freeze_only,success,,-0.001931111,0.000442678,-0.040776476,0.999430575,pass_implied,,success,199,626,61.326557,failed,z_depth+inhand_bias,0.000447872,-0.000765848,-0.023926529,0.992547100,fail,0.040135257,inhand_early_stop,187,593,58.535851
1000082,0,both_failed,failed,z_depth+orientation+inhand_bias,-0.006313170,-0.007506646,0.003857038,0.853961638,fail,0.040238897,inhand_early_stop,189,614,58.439571,failed,z_depth+orientation+inhand_bias,-0.007228283,-0.005789815,0.004328028,0.846145900,fail,0.040308872,inhand_early_stop,181,592,56.909323
1000083,pi,both_success,success,,-0.000236921,-0.000279228,-0.040355553,0.999082707,pass_implied,,success,173,581,55.803442,success,,-0.000373793,-0.000060391,-0.040568036,0.998819154,pass_implied,,success,194,621,59.954429
1000084,0,both_failed,failed,z_depth+inhand_bias,0.001519896,-0.000751335,-0.024789532,0.994097990,fail,0.040010778,inhand_early_stop,191,589,59.326534,failed,z_depth+inhand_bias,0.001553314,-0.001173397,-0.028288111,0.995435929,fail,0.040220451,inhand_early_stop,217,640,64.375450
1000085,pi,both_failed,failed,z_depth+inhand_bias,-0.002019580,-0.000987711,-0.024487683,0.994785970,fail,0.040546385,inhand_early_stop,146,575,52.562228,failed,z_depth+inhand_bias,-0.002100696,-0.001049058,-0.024016315,0.994383777,fail,0.040495617,inhand_early_stop,157,561,53.774032
1000086,pi,both_success,success,,-0.001648497,-0.000043781,-0.040627851,0.999159399,pass_implied,,success,210,640,62.743439,success,,-0.001647911,-0.000136119,-0.040102618,0.998747645,pass_implied,,success,217,589,62.172005
1000087,pi,finetune_only,failed,z_depth+inhand_bias,-0.002449896,-0.000380778,-0.024939950,0.996899113,fail,0.040743894,inhand_early_stop,162,581,55.182906,success,,-0.001993274,-0.000311626,-0.040543802,0.999335083,pass_implied,,success,174,566,56.738397
1000088,0,both_failed,failed,z_depth+inhand_bias,0.002345136,-0.002125492,-0.025758968,0.991320750,fail,0.040743232,inhand_early_stop,228,648,65.005860,failed,z_depth+orientation+inhand_bias,-0.008927868,-0.006490172,0.005726923,0.695668670,fail,0.040240848,inhand_early_stop,181,607,57.390613
1000089,0,both_success,success,,0.001874266,0.000919773,-0.040224442,0.998448199,pass_implied,,success,209,598,62.585107,success,,0.002224888,0.001519602,-0.040252183,0.998335353,pass_implied,,success,223,612,64.001098
1000090,0,both_failed,failed,z_depth+inhand_bias,0.001787099,0.001506622,-0.027121738,0.994665701,fail,0.040270303,inhand_early_stop,205,613,62.683508,failed,z_depth+orientation+inhand_bias,-0.003432179,0.001689544,-0.015721608,0.869415260,fail,0.040218590,inhand_early_stop,188,573,57.944331
1000091,pi,both_failed,failed,x+z_depth+orientation,-0.024938479,-0.003106950,-0.012638204,0.787324243,unknown_not_recorded,,action_limit,300,727,77.648223,failed,x+z_depth+orientation+inhand_bias,-0.017180064,0.006806548,-0.009140440,0.963266221,fail,0.040110218,inhand_early_stop,196,592,59.285871
1000092,pi,freeze_only,success,,-0.000680051,-0.000120484,-0.040215653,0.998748279,pass_implied,,success,190,601,59.460371,failed,z_depth+inhand_bias,-0.001473159,0.000569004,-0.038205242,0.998432177,fail,0.040355704,inhand_early_stop,186,604,59.462973
1000093,0,both_success,success,,0.000767851,-0.000042999,-0.040260042,0.999956330,pass_implied,,success,177,619,57.253873,success,,0.000671752,-0.000298651,-0.040794966,0.999993346,pass_implied,,success,163,579,53.902755
1000094,0,freeze_only,success,,0.001394659,-0.000680427,-0.040665867,0.999870865,pass_implied,,success,213,649,64.152074,failed,z_depth+inhand_bias,0.001324919,-0.000240673,-0.031503199,0.996831029,fail,0.040592294,inhand_early_stop,194,614,59.312189
1000095,pi,both_success,success,,-0.000412277,0.000545731,-0.041029584,0.999840749,pass_implied,,success,266,679,71.334601,success,,-0.000076686,0.000119770,-0.041326990,0.999517733,pass_implied,,success,264,676,71.003976
1000096,pi,both_failed,failed,z_depth+inhand_bias,-0.001972889,0.000330645,-0.030670200,0.997476579,fail,0.040046181,inhand_early_stop,148,560,53.284337,failed,z_depth+inhand_bias,-0.001929549,0.000217471,-0.027480817,0.996900985,fail,0.040652306,inhand_early_stop,157,541,53.821439
1000097,pi,both_success,success,,-0.000712022,0.000022938,-0.040500976,0.998796172,pass_implied,,success,262,675,71.111577,success,,-0.001690370,-0.000308315,-0.040138429,0.999356607,pass_implied,,success,225,637,64.617620
1000098,pi,both_failed,failed,z_depth+orientation+inhand_bias,0.006698122,-0.000613213,-0.012390454,0.800001831,fail,0.040057621,inhand_early_stop,176,569,55.754707,failed,x+z_depth+orientation+inhand_bias,-0.010121773,-0.006094970,-0.005499616,0.837637431,fail,0.040219398,inhand_early_stop,236,671,66.664507
1000099,pi,both_failed,failed,z_depth+orientation+inhand_bias,-0.001652651,-0.000178836,-0.021116037,0.989174537,fail,0.040528651,inhand_early_stop,200,626,62.030994,failed,z_depth+inhand_bias,-0.001845355,-0.000974374,-0.024544952,0.994970807,fail,0.040156974,inhand_early_stop,244,671,77.318049
