seed,rotate,pair_group,vision_result,vision_failed_conditions,vision_rel_x_m,vision_rel_y_m,vision_rel_z_m,vision_orientation_alignment,vision_inhand_status,vision_inhand_bias_m,vision_stop_reason,vision_actions,vision_cost_step,vision_cost_time_s,freeze_result,freeze_failed_conditions,freeze_rel_x_m,freeze_rel_y_m,freeze_rel_z_m,freeze_orientation_alignment,freeze_inhand_status,freeze_inhand_bias_m,freeze_stop_reason,freeze_actions,freeze_cost_step,freeze_cost_time_s
1000000,pi,vision_only_success,success,,-0.001095271,0.000350030,-0.040518786,0.998754748,pass_implied,,success,209,635,80.380620,failed,z_depth+inhand_bias,-0.001804837,0.000184114,-0.026965040,0.998277066,fail,0.040294637,inhand_early_stop,229,650,83.832148
1000001,0,vision_only_success,success,,0.001946217,-0.000494917,-0.040226777,0.999586718,pass_implied,,success,157,592,62.114479,failed,z_depth+inhand_bias,0.002264863,-0.000933501,-0.027824593,0.995815966,fail,0.040798746,inhand_early_stop,135,606,63.051757
1000002,pi,both_failed,failed,z_depth+orientation+inhand_bias,0.007105788,-0.000574947,-0.008670983,0.579335467,fail,0.040096632,inhand_early_stop,149,568,60.599325,failed,z_depth+inhand_bias,-0.002475797,-0.000602425,-0.028570962,0.997585083,fail,0.040620069,inhand_early_stop,148,606,63.506784
1000003,0,vision_only_success,success,,0.001250116,-0.000051863,-0.040099685,0.999133504,pass_implied,,success,196,637,71.483803,failed,z_depth+orientation+inhand_bias,-0.008780315,0.002086621,0.005572226,0.928129247,fail,0.040100415,inhand_early_stop,166,621,66.979828
1000004,0,freeze_only_success,failed,z_depth+inhand_bias,0.002320620,0.001489954,-0.031551798,0.996464772,fail,0.040021162,inhand_early_stop,245,672,80.427293,success,,0.000406658,0.000137752,-0.040196649,0.998356549,pass_implied,,success,201,637,71.906886
1000005,pi,vision_only_success,success,,-0.001644062,0.000835239,-0.040996491,0.999859667,pass_implied,,success,223,620,75.997783,failed,z_depth+orientation+inhand_bias,0.007272414,0.000012554,-0.011934743,0.774325426,fail,0.040369761,inhand_early_stop,175,590,66.370305
1000006,pi,both_success,success,,-0.002131508,0.000533378,-0.040379362,0.998799626,pass_implied,,success,182,596,70.764424,success,,-0.000566014,0.001203601,-0.040198191,0.998959841,pass_implied,,success,190,613,72.900945
1000007,pi,freeze_only_success,failed,z_depth+orientation+inhand_bias,0.008498200,-0.000350574,-0.005970931,0.469078265,fail,0.040296160,inhand_early_stop,114,580,59.999628,success,,-0.001092340,-0.000750109,-0.040817641,0.999997330,pass_implied,,success,129,593,61.526869
1000008,pi,both_failed,failed,z_depth+orientation+inhand_bias,-0.002133415,-0.002194187,-0.021480819,0.989818973,fail,0.040820173,inhand_early_stop,223,644,79.845344,failed,z_depth+inhand_bias,-0.002350972,-0.001752177,-0.024454374,0.995676074,fail,0.040574435,inhand_early_stop,207,629,74.915519
1000009,pi,both_failed,failed,z_depth+orientation+inhand_bias,0.008638080,0.001076074,-0.007649421,0.575995322,fail,0.040746132,inhand_early_stop,227,655,77.444186,failed,z_depth+orientation+inhand_bias,0.006398355,-0.000142670,-0.012437973,0.771891981,fail,0.040463040,inhand_early_stop,158,568,64.732772
1000010,pi,both_failed,failed,z_depth+orientation+inhand_bias,0.008504622,-0.001053137,-0.006719766,0.512686922,fail,0.040005951,inhand_early_stop,168,600,67.034138,failed,z_depth+orientation+inhand_bias,0.005841606,-0.000890303,-0.012919457,0.797018540,fail,0.040352567,inhand_early_stop,182,590,70.087133
1000011,pi,both_failed,failed,z_depth+inhand_bias,-0.001731337,0.000428697,-0.025479953,0.994101860,fail,0.040486863,inhand_early_stop,169,577,67.618175,failed,z_depth+inhand_bias,0.000439931,0.001184925,-0.019927873,0.993261266,fail,0.040377814,inhand_early_stop,210,625,74.877145
1000012,pi,freeze_only_success,failed,z_depth+orientation+inhand_bias,0.008487722,0.000094050,-0.006446133,0.492279638,fail,0.040823670,inhand_early_stop,147,570,54.463408,success,,-0.000820750,0.000454200,-0.040497373,0.999938524,pass_implied,,success,168,605,61.469820
1000013,pi,both_failed,failed,z_depth+orientation+inhand_bias,0.008334651,-0.001273836,-0.007707002,0.573645557,fail,0.040525106,inhand_early_stop,210,611,64.836607,failed,z_depth+orientation+inhand_bias,0.006355288,-0.000779169,-0.011372561,0.737477661,fail,0.040377985,inhand_early_stop,191,594,60.978541
1000014,0,both_failed,failed,z_depth+inhand_bias,0.002688413,0.001062923,-0.019092249,0.991983852,fail,0.040647154,inhand_early_stop,198,592,62.367185,failed,z_depth+inhand_bias,0.002389781,0.000622902,-0.023436724,0.994807828,fail,0.040256711,inhand_early_stop,175,575,57.349442
1000015,pi,vision_only_success,success,,-0.001995800,0.000208692,-0.041367489,0.999507144,pass_implied,,success,180,564,57.130699,failed,z_depth+orientation+inhand_bias,0.003226854,0.000458466,-0.016383319,0.901504701,fail,0.040320188,inhand_early_stop,101,533,46.390318
1000016,0,both_failed,failed,z_depth+inhand_bias,0.002154926,0.002326961,-0.029570371,0.995903422,fail,0.040756152,inhand_early_stop,222,631,66.783774,failed,z_depth+inhand_bias,0.001723579,0.001605965,-0.026807214,0.994647214,fail,0.040350096,inhand_early_stop,196,609,62.578703
1000017,0,both_failed,failed,z_depth+inhand_bias,0.001852067,-0.000220240,-0.027555126,0.996207329,fail,0.040676512,inhand_early_stop,165,607,58.951103,failed,z_depth+orientation+inhand_bias,-0.009185972,0.000087832,-0.008473714,0.624606378,fail,0.040273112,inhand_early_stop,171,596,57.534358
1000018,0,both_success,success,,0.001222348,-0.000727151,-0.040313821,0.998457087,pass_implied,,success,228,622,65.609707,success,,0.000585305,-0.000982729,-0.041268416,0.998565846,pass_implied,,success,227,613,64.965553
1000019,pi,both_failed,failed,z_depth+orientation+inhand_bias,0.008733469,0.000352117,-0.008254973,0.598424107,fail,0.040350270,inhand_early_stop,214,600,62.460360,failed,z_depth+orientation+inhand_bias,0.001911543,-0.000095701,-0.020401493,0.976761863,fail,0.040160388,inhand_early_stop,208,590,62.139641
1000020,pi,both_failed,failed,z_depth+orientation,0.004736267,-0.002240154,-0.013475537,0.828474345,unknown_not_recorded,,action_limit,300,739,77.332070,failed,x+z_depth+orientation+inhand_bias,-0.015583800,-0.008910353,-0.008273314,0.959455661,fail,0.040007700,inhand_early_stop,180,580,57.526478
1000021,pi,both_failed,failed,z_depth+orientation+inhand_bias,-0.001740466,0.000129889,-0.021556874,0.988913147,fail,0.040118549,inhand_early_stop,192,609,59.687235,failed,z_depth+inhand_bias,-0.002412751,-0.000363409,-0.021164015,0.994064210,fail,0.040169180,inhand_early_stop,186,564,58.760264
1000022,pi,both_failed,failed,z_depth+inhand_bias,-0.001682883,0.000400699,-0.030395850,0.997092776,fail,0.040443098,inhand_early_stop,189,596,58.998697,failed,z_depth+orientation+inhand_bias,0.005712863,-0.000094865,-0.014219281,0.852058291,fail,0.040327232,inhand_early_stop,107,519,46.385875
1000023,pi,both_failed,failed,z_depth+inhand_bias,-0.008789561,-0.009302700,-0.003344154,0.999018543,fail,0.040048316,inhand_early_stop,142,526,49.739082,failed,z_depth+inhand_bias,-0.002122761,-0.001384225,-0.025210257,0.995145413,fail,0.040401897,inhand_early_stop,171,586,57.574589
1000024,0,both_failed,failed,z_depth+inhand_bias,0.001594326,-0.000466542,-0.023547786,0.992857083,fail,0.040941896,inhand_early_stop,168,571,55.584471,failed,z_depth+inhand_bias,0.001419898,-0.000617934,-0.029393833,0.996378489,fail,0.040529661,inhand_early_stop,178,566,57.386310
1000025,0,both_success,success,,0.001543356,-0.000599651,-0.040063312,0.999854951,pass_implied,,success,171,581,54.444133,success,,0.001883441,-0.000141745,-0.040484645,0.999414061,pass_implied,,success,150,532,52.311203
1000026,0,both_success,success,,0.000968815,-0.000535279,-0.041239130,0.998638247,pass_implied,,success,173,560,54.447760,success,,0.001277263,-0.000491961,-0.040253392,0.998669419,pass_implied,,success,169,558,55.537463
1000027,pi,both_failed,failed,z_depth+orientation+inhand_bias,0.008072711,0.001455235,-0.006094690,0.468917868,fail,0.040455824,inhand_early_stop,173,576,56.594513,failed,z_depth+inhand_bias,-0.002405217,0.000995687,-0.021893192,0.993858165,fail,0.040607790,inhand_early_stop,160,563,55.729304
1000028,0,vision_only_success,success,,0.000312357,-0.000526644,-0.040344304,0.999408219,pass_implied,,success,211,602,61.349919,failed,z_depth+orientation+inhand_bias,-0.008207182,0.001669178,0.001600443,0.574516965,fail,0.040047377,inhand_early_stop,179,555,57.744037
1000029,pi,both_failed,failed,z_depth+inhand_bias,-0.002202714,0.000378526,-0.033090919,0.998238927,fail,0.040481628,inhand_early_stop,227,617,63.862419,failed,z_depth+inhand_bias,-0.001880601,0.000797299,-0.034803095,0.998461565,fail,0.040404701,inhand_early_stop,216,622,65.693028
1000030,pi,both_failed,failed,z_depth+inhand_bias,-0.001685391,-0.001141841,-0.030226060,0.997152282,fail,0.040012786,inhand_early_stop,266,650,69.230834,failed,z_depth+inhand_bias,-0.001864374,-0.001170403,-0.028545788,0.996835435,fail,0.040005459,inhand_early_stop,232,662,69.087527
1000031,0,both_failed,failed,z_depth+inhand_bias,0.002152511,-0.001631248,-0.030498231,0.993507358,fail,0.040326304,inhand_early_stop,220,631,63.086309,failed,z_depth+orientation+inhand_bias,0.001703391,-0.001641440,-0.024134540,0.985981921,fail,0.040054589,inhand_early_stop,217,630,65.571103
1000032,pi,vision_only_success,success,,-0.001474168,-0.000272779,-0.040147552,0.999124427,pass_implied,,success,142,543,50.318315,failed,z_depth+orientation,-0.003977849,-0.002534071,-0.003906300,0.783880089,unknown_not_recorded,,action_limit,300,692,79.092274
1000033,pi,both_failed,failed,z_depth+orientation+inhand_bias,0.008513546,0.000246085,-0.007783900,0.559238011,fail,0.040140222,inhand_early_stop,183,586,56.496726,failed,z_depth+orientation+inhand_bias,0.007274424,-0.000460757,-0.012147670,0.788967786,fail,0.040085358,inhand_early_stop,185,567,58.448094
1000034,pi,both_failed,failed,z_depth+orientation+inhand_bias,0.008443576,-0.000636512,-0.007631834,0.557829622,fail,0.040466076,inhand_early_stop,225,650,64.764947,failed,z_depth+orientation+inhand_bias,-0.002269729,-0.000064090,-0.020004343,0.982944179,fail,0.040779396,inhand_early_stop,85,476,42.995237
1000035,pi,both_failed,failed,z_depth+inhand_bias,-0.001910569,0.000275682,-0.024237889,0.993407674,fail,0.041061653,inhand_early_stop,180,578,57.048962,failed,z_depth+orientation+inhand_bias,0.000825667,0.001832421,-0.018239706,0.983082269,fail,0.040012453,inhand_early_stop,231,618,66.280337
1000036,0,both_success,success,,0.001347721,0.000175169,-0.040549001,0.998549808,pass_implied,,success,222,615,62.109827,success,,0.000071513,0.000016892,-0.040142916,0.998430271,pass_implied,,success,203,571,60.110009
1000037,0,vision_only_success,success,,0.002018428,-0.000281176,-0.040175049,0.999034251,pass_implied,,success,161,556,52.831417,failed,z_depth+inhand_bias,0.002040577,-0.000834350,-0.034975250,0.998187224,fail,0.040357163,inhand_early_stop,149,527,53.206858
1000038,0,both_failed,failed,z_depth+inhand_bias,0.002209228,0.002200798,-0.031790179,0.996827906,fail,0.040642845,inhand_early_stop,224,621,63.357007,failed,z_depth+inhand_bias,0.002124502,0.001204520,-0.027959707,0.995587587,fail,0.040511673,inhand_early_stop,190,577,60.593248
1000039,0,both_failed,failed,z_depth+inhand_bias,0.002792244,0.001325952,-0.025749772,0.994891754,fail,0.040253401,inhand_early_stop,235,646,65.006723,failed,z_depth+inhand_bias,0.002705974,0.001954372,-0.037450082,0.998707755,fail,0.040214192,inhand_early_stop,228,637,68.682842
1000040,0,both_success,success,,0.001853794,0.000300154,-0.040101856,0.999326265,pass_implied,,success,165,576,53.278383,success,,0.000174372,0.000041133,-0.040454083,0.999384906,pass_implied,,success,158,572,54.742217
1000041,0,both_failed,failed,z_depth+inhand_bias,0.002151395,-0.000417101,-0.024717037,0.996075109,fail,0.040722427,inhand_early_stop,132,570,50.582793,failed,z_depth+inhand_bias,0.002294777,-0.001049646,-0.027860269,0.996236648,fail,0.040421972,inhand_early_stop,132,570,52.748871
1000042,0,both_failed,failed,z_depth+inhand_bias,0.001892441,0.001363326,-0.030606342,0.995939976,fail,0.040617858,inhand_early_stop,203,612,60.287527,failed,z_depth+orientation+inhand_bias,-0.007214174,0.002028661,0.000521601,0.557502206,fail,0.040054554,inhand_early_stop,214,615,64.669576
1000043,pi,both_failed,failed,z_depth+orientation+inhand_bias,0.008137645,-0.000803961,-0.010331859,0.701399090,fail,0.040384346,inhand_early_stop,210,607,59.642248,failed,z_depth+inhand_bias,-0.002354655,-0.001525042,-0.028826350,0.997392581,fail,0.040516810,inhand_early_stop,259,654,73.526494
1000044,pi,both_failed,failed,z_depth+orientation+inhand_bias,0.008185064,0.000416940,-0.007904865,0.561058942,fail,0.040193401,inhand_early_stop,191,608,59.499323,failed,z_depth+orientation+inhand_bias,-0.008004884,0.003544772,-0.003633182,0.659243641,fail,0.040168082,inhand_early_stop,209,609,64.613856
1000045,0,vision_only_success,success,,0.001082452,-0.000181145,-0.040607551,0.999776019,pass_implied,,success,205,624,61.398150,failed,z_depth+inhand_bias,0.001077907,-0.000977414,-0.029437282,0.996501626,fail,0.040341229,inhand_early_stop,252,684,73.139563
1000046,0,vision_only_success,success,,0.001711718,-0.001460838,-0.040314475,0.998815292,pass_implied,,success,199,592,60.763220,failed,z_depth+orientation+inhand_bias,-0.007131335,-0.007793461,0.004489854,0.898956226,fail,0.040140032,inhand_early_stop,202,595,63.074802
1000047,0,both_failed,failed,z_depth+orientation+inhand_bias,-0.005624335,-0.000530382,-0.012566511,0.751852089,fail,0.040057109,inhand_early_stop,265,654,68.346890,failed,z_depth+orientation+inhand_bias,0.001001591,0.000561466,-0.024640025,0.979039200,fail,0.040000364,inhand_early_stop,251,656,70.972582
1000048,pi,both_failed,failed,z_depth+inhand_bias,-0.001709549,0.000644490,-0.026427894,0.994558364,fail,0.040741915,inhand_early_stop,185,599,59.511744,failed,z_depth+inhand_bias,-0.001568324,0.000947965,-0.023093398,0.995939634,fail,0.040277507,inhand_early_stop,220,648,65.844099
1000049,pi,freeze_only_success,failed,z_depth+inhand_bias,-0.001640545,0.001100482,-0.031683920,0.996582035,fail,0.040160253,inhand_early_stop,193,610,59.575865,success,,-0.001302355,0.000544689,-0.040235058,0.998698091,pass_implied,,success,185,609,60.370311
1000050,0,freeze_only_success,failed,z_depth+inhand_bias,-0.000049650,-0.000092695,-0.029473954,0.992813851,fail,0.040218793,inhand_early_stop,155,582,52.587030,success,,0.001727562,0.000002118,-0.040304910,0.998953356,pass_implied,,success,223,656,66.154768
1000051,0,both_failed,failed,z_depth+inhand_bias,0.002242106,0.002002169,-0.031193408,0.996705598,fail,0.040275571,inhand_early_stop,222,630,63.895052,failed,z_depth+orientation+inhand_bias,-0.006672488,0.006442888,0.004744363,0.972450256,fail,0.040147810,inhand_early_stop,173,598,59.189159
1000052,0,both_failed,failed,z_depth+inhand_bias,0.002011082,-0.000857275,-0.033976632,0.997860527,fail,0.040491198,inhand_early_stop,241,679,66.896173,failed,z_depth+orientation+inhand_bias,-0.006705919,-0.008313152,0.004339669,0.921179305,fail,0.040023031,inhand_early_stop,195,603,61.061015
1000053,0,both_failed,failed,z_depth+inhand_bias,0.002454954,-0.001507780,-0.031561874,0.993855207,fail,0.040183026,inhand_early_stop,226,639,63.592604,failed,z_depth+orientation+inhand_bias,0.000745866,-0.001498094,-0.024313872,0.984961720,fail,0.040120463,inhand_early_stop,225,605,66.658154
1000054,pi,both_failed,failed,z_depth+orientation+inhand_bias,0.008487961,-0.000488875,-0.006618224,0.503149919,fail,0.040935275,inhand_early_stop,169,581,55.437853,failed,z_depth+orientation+inhand_bias,-0.009610577,-0.004679896,-0.005229865,0.851813062,fail,0.040165842,inhand_early_stop,147,534,52.734587
1000055,pi,both_success,success,,-0.000799533,-0.000559242,-0.040073609,0.999996307,pass_implied,,success,157,556,52.718730,success,,-0.000509920,-0.000603796,-0.040779506,0.999952601,pass_implied,,success,163,560,56.265384
1000056,pi,both_failed,failed,z_depth+orientation+inhand_bias,0.008418297,0.000266625,-0.006885071,0.512899041,fail,0.040108421,inhand_early_stop,169,576,54.342529,failed,z_depth+inhand_bias,-0.001340113,0.000256191,-0.037329793,0.998486650,fail,0.040147150,inhand_early_stop,201,620,63.182449
1000057,0,both_failed,failed,z_depth+orientation+inhand_bias,0.001616770,0.001562542,-0.018419210,0.982854698,fail,0.040006612,inhand_early_stop,186,571,58.434558,failed,z_depth+orientation+inhand_bias,-0.005603216,0.001773297,-0.010718856,0.685478942,fail,0.040513229,inhand_early_stop,191,583,59.949321
1000058,0,freeze_only_success,failed,z_depth+inhand_bias,0.002133068,0.001421974,-0.025408229,0.994723379,fail,0.040403709,inhand_early_stop,207,614,61.576121,success,,0.002219950,0.000145391,-0.040170153,0.998807314,pass_implied,,success,199,580,61.661161
1000059,0,freeze_only_success,failed,z_depth+inhand_bias,0.002165694,0.000935271,-0.037568853,0.998710447,fail,0.040097080,inhand_early_stop,172,584,56.328734,success,,0.001847786,0.000219099,-0.040953830,0.999615238,pass_implied,,success,158,547,52.754257
1000060,pi,both_failed,failed,z_depth+inhand_bias,-0.001937222,0.002188531,-0.022620510,0.991529711,fail,0.040413116,inhand_early_stop,257,651,69.104190,failed,z_depth+orientation+inhand_bias,0.004254929,-0.000022341,-0.014548938,0.872959476,fail,0.040175686,inhand_early_stop,165,545,54.066387
1000061,pi,both_failed,failed,z_depth+inhand_bias,-0.001706870,-0.001214066,-0.023593211,0.993445232,fail,0.040246196,inhand_early_stop,203,639,62.893168,failed,x+z_depth+inhand_bias,-0.010278580,-0.008742405,-0.004274102,0.998847905,fail,0.040191858,inhand_early_stop,143,544,52.546466
1000062,pi,both_failed,failed,x+y+z_depth+inhand_bias,-0.022358221,0.021639294,-0.010770510,0.998940045,fail,0.040463398,inhand_early_stop,173,597,58.213108,failed,z_depth+inhand_bias,-0.002351092,-0.001009823,-0.020622282,0.990701194,fail,0.040492213,inhand_early_stop,151,580,55.615164
1000063,pi,both_failed,failed,z_depth+orientation+inhand_bias,0.008303711,-0.001069880,-0.008217218,0.593061376,fail,0.040107176,inhand_early_stop,202,617,62.068578,failed,z_depth+orientation+inhand_bias,0.007498526,-0.000517003,-0.010389746,0.693509236,fail,0.040418004,inhand_early_stop,180,608,59.812973
1000064,pi,both_failed,failed,z_depth+inhand_bias,-0.001749367,0.000405988,-0.024305928,0.993300949,fail,0.040045358,inhand_early_stop,169,609,58.159081,failed,z_depth+inhand_bias,-0.001823085,-0.000135647,-0.031453735,0.998649788,fail,0.040219846,inhand_early_stop,57,491,40.053382
1000065,0,both_failed,failed,z_depth+orientation+inhand_bias,0.002153302,-0.000972217,-0.028153190,0.989397724,fail,0.040343204,inhand_early_stop,268,693,70.657582,failed,z_depth+inhand_bias,0.001908999,-0.001527569,-0.028097931,0.990267624,fail,0.040378582,inhand_early_stop,252,680,70.298057
1000066,0,both_success,success,,0.003170333,0.002596780,-0.040174728,0.998268550,pass_implied,,success,262,687,69.631372,success,,0.000365086,-0.000157961,-0.041100538,0.998663842,pass_implied,,success,179,577,56.993546
1000067,0,vision_only_success,success,,0.001643061,-0.000035877,-0.040319946,0.999210621,pass_implied,,success,207,630,60.854789,failed,z_depth+orientation+inhand_bias,-0.003438250,-0.002068652,-0.002601390,0.655440924,fail,0.040163667,inhand_early_stop,166,564,55.905094
1000068,0,both_success,success,,0.000222906,0.000135263,-0.040507096,0.999108307,pass_implied,,success,210,639,61.093536,success,,0.000391498,0.000461925,-0.041037534,0.999131019,pass_implied,,success,194,621,61.591946
1000069,0,both_failed,failed,z_depth+inhand_bias,0.001667446,-0.001668926,-0.028682965,0.992416355,fail,0.040423167,inhand_early_stop,219,633,62.251942,failed,z_depth+orientation+inhand_bias,0.000239464,-0.001204386,-0.022393431,0.977609507,fail,0.040100057,inhand_early_stop,192,590,60.659787
1000070,pi,freeze_only_success,failed,z_depth+inhand_bias,-0.002152964,0.001222439,-0.036169620,0.998235370,fail,0.040276091,inhand_early_stop,198,608,60.303669,success,,-0.001747553,0.001256137,-0.042141034,0.998953497,pass_implied,,success,193,597,62.216329
1000071,0,both_failed,failed,z_depth+inhand_bias,0.002261358,0.001542330,-0.028985126,0.996373719,fail,0.040049949,inhand_early_stop,205,623,60.442044,failed,z_depth+orientation+inhand_bias,-0.007977698,0.004769188,0.005109248,0.924440677,fail,0.040126896,inhand_early_stop,136,545,51.604217
1000072,pi,both_failed,failed,z_depth+orientation+inhand_bias,0.008543106,0.000443766,-0.007977300,0.578346670,fail,0.040795174,inhand_early_stop,191,619,58.658075,failed,z_depth+orientation+inhand_bias,0.004271596,-0.000231113,-0.016719250,0.919662569,fail,0.040240085,inhand_early_stop,204,615,62.618571
1000073,pi,both_failed,failed,z_depth+inhand_bias,-0.001780203,-0.000170268,-0.035636406,0.998084419,fail,0.040640808,inhand_early_stop,193,614,59.288431,failed,z_depth+inhand_bias,-0.002641083,-0.000112445,-0.022146844,0.996177358,fail,0.040753529,inhand_early_stop,171,578,56.958536
1000074,pi,vision_only_success,success,,-0.000832168,-0.000354776,-0.040139635,0.999293080,pass_implied,,success,283,695,72.452008,failed,z_depth+inhand_bias,-0.001619013,-0.000677693,-0.026929454,0.996854975,fail,0.040068295,inhand_early_stop,215,626,64.777191
1000075,pi,both_success,success,,-0.000664694,-0.000092757,-0.040084026,0.999080951,pass_implied,,success,202,632,60.179218,success,,-0.001238813,0.000324879,-0.041508195,0.999672769,pass_implied,,success,211,639,64.881218
1000076,pi,both_failed,failed,z_depth+orientation+inhand_bias,0.008247617,0.000102478,-0.009103272,0.637518600,fail,0.040295308,inhand_early_stop,185,600,56.948603,failed,z_depth+orientation+inhand_bias,0.007403510,-0.000024686,-0.010800163,0.736880496,fail,0.040358388,inhand_early_stop,207,606,63.013795
1000077,pi,both_failed,failed,z_depth+inhand_bias,-0.001895339,0.000760674,-0.024023495,0.993032016,fail,0.040428974,inhand_early_stop,176,575,56.611635,failed,z_depth+orientation+inhand_bias,0.001343510,0.001543807,-0.018367022,0.984138358,fail,0.040039692,inhand_early_stop,214,609,64.123247
1000078,pi,both_failed,failed,z_depth+orientation+inhand_bias,0.008322507,-0.000936044,-0.008660998,0.627760455,fail,0.040370575,inhand_early_stop,231,631,65.394394,failed,z_depth+orientation+inhand_bias,-0.000424959,-0.001033568,-0.018552078,0.974072860,fail,0.040001208,inhand_early_stop,226,646,68.195732
1000079,pi,both_success,success,,-0.000601090,0.000767729,-0.040960586,0.999923948,pass_implied,,success,174,600,55.946147,success,,-0.000885623,0.000910470,-0.041104299,0.999996797,pass_implied,,success,141,534,50.987845
1000080,pi,both_failed,failed,z_depth+inhand_bias,-0.002214102,-0.001299309,-0.021970315,0.991775040,fail,0.040777492,inhand_early_stop,220,631,63.273404,failed,z_depth+inhand_bias,-0.002337079,-0.001927429,-0.023339052,0.993437616,fail,0.040491645,inhand_early_stop,246,643,67.580261
1000081,pi,freeze_only_success,failed,z_depth+inhand_bias,-0.002319652,-0.000405026,-0.029838804,0.996984626,fail,0.040964442,inhand_early_stop,133,542,49.338644,success,,-0.001931111,0.000442678,-0.040776476,0.999430575,pass_implied,,success,199,626,61.326557
1000082,0,vision_only_success,success,,0.002386383,-0.001253666,-0.040916458,0.998425352,pass_implied,,success,187,597,57.912944,failed,z_depth+orientation+inhand_bias,-0.006313170,-0.007506646,0.003857038,0.853961638,fail,0.040238897,inhand_early_stop,189,614,58.439571
1000083,pi,both_success,success,,-0.000476641,-0.000151047,-0.040557547,0.999683703,pass_implied,,success,213,627,61.000676,success,,-0.000236921,-0.000279228,-0.040355553,0.999082707,pass_implied,,success,173,581,55.803442
1000084,0,both_failed,failed,z_depth+inhand_bias,0.001781736,-0.001273141,-0.029346208,0.995895420,fail,0.040149493,inhand_early_stop,193,606,60.685334,failed,z_depth+inhand_bias,0.001519896,-0.000751335,-0.024789532,0.994097990,fail,0.040010778,inhand_early_stop,191,589,59.326534
1000085,pi,both_failed,failed,z_depth+inhand_bias,-0.004784462,-0.007834016,-0.001774068,0.991838702,fail,0.040011009,inhand_early_stop,169,601,57.818787,failed,z_depth+inhand_bias,-0.002019580,-0.000987711,-0.024487683,0.994785970,fail,0.040546385,inhand_early_stop,146,575,52.562228
1000086,pi,both_success,success,,-0.001913124,0.000087407,-0.040593503,0.999358571,pass_implied,,success,188,606,58.699298,success,,-0.001648497,-0.000043781,-0.040627851,0.999159399,pass_implied,,success,210,640,62.743439
1000087,pi,vision_only_success,success,,-0.001826005,-0.000419789,-0.040944133,0.999190134,pass_implied,,success,172,593,56.878746,failed,z_depth+inhand_bias,-0.002449896,-0.000380778,-0.024939950,0.996899113,fail,0.040743894,inhand_early_stop,162,581,55.182906
1000088,0,both_failed,failed,z_depth+orientation+inhand_bias,0.001894871,-0.001438962,-0.024386727,0.989311514,fail,0.040160213,inhand_early_stop,185,599,57.604941,failed,z_depth+inhand_bias,0.002345136,-0.002125492,-0.025758968,0.991320750,fail,0.040743232,inhand_early_stop,228,648,65.005860
1000089,0,freeze_only_success,failed,z_depth+inhand_bias,0.002453449,0.001763989,-0.031853222,0.996310051,fail,0.040152275,inhand_early_stop,221,630,63.472205,success,,0.001874266,0.000919773,-0.040224442,0.998448199,pass_implied,,success,209,598,62.585107
1000090,0,both_failed,failed,z_depth+orientation+inhand_bias,0.002861975,0.001265048,-0.018002278,0.989394071,fail,0.040027817,inhand_early_stop,222,656,64.821801,failed,z_depth+inhand_bias,0.001787099,0.001506622,-0.027121738,0.994665701,fail,0.040270303,inhand_early_stop,205,613,62.683508
1000091,pi,both_failed,failed,z_depth+inhand_bias,-0.002373153,0.001082298,-0.021100670,0.991988708,fail,0.040288186,inhand_early_stop,213,649,64.234351,failed,x+z_depth+orientation,-0.024938479,-0.003106950,-0.012638204,0.787324243,unknown_not_recorded,,action_limit,300,727,77.648223
1000092,pi,freeze_only_success,failed,z_depth+inhand_bias,-0.001975487,0.001361157,-0.037091401,0.998066108,fail,0.040494325,inhand_early_stop,223,651,65.572170,success,,-0.000680051,-0.000120484,-0.040215653,0.998748279,pass_implied,,success,190,601,59.460371
1000093,0,both_success,success,,0.002180335,-0.000038109,-0.040248734,0.999278608,pass_implied,,success,155,560,52.459161,success,,0.000767851,-0.000042999,-0.040260042,0.999956330,pass_implied,,success,177,619,57.253873
1000094,0,freeze_only_success,failed,z_depth+orientation+inhand_bias,-0.008759155,-0.007307390,0.006428018,0.502328626,fail,0.040086337,inhand_early_stop,186,586,57.422389,success,,0.001394659,-0.000680427,-0.040665867,0.999870865,pass_implied,,success,213,649,64.152074
1000095,pi,freeze_only_success,failed,z_depth+orientation+inhand_bias,0.008277633,-0.000255566,-0.008390279,0.591452338,fail,0.040581396,inhand_early_stop,269,678,69.362636,success,,-0.000412277,0.000545731,-0.041029584,0.999840749,pass_implied,,success,266,679,71.334601
1000096,pi,both_failed,failed,z_depth+inhand_bias,-0.001804105,0.000638796,-0.033186238,0.997300705,fail,0.040437657,inhand_early_stop,153,572,54.688844,failed,z_depth+inhand_bias,-0.001972889,0.000330645,-0.030670200,0.997476579,fail,0.040046181,inhand_early_stop,148,560,53.284337
1000097,pi,freeze_only_success,failed,z_depth+orientation+inhand_bias,0.008259121,-0.000800349,-0.008571796,0.602558760,fail,0.040039843,inhand_early_stop,264,674,68.881900,success,,-0.000712022,0.000022938,-0.040500976,0.998796172,pass_implied,,success,262,675,71.111577
1000098,pi,both_failed,failed,z_depth+orientation+inhand_bias,0.008738898,-0.000423084,-0.009140207,0.661077060,fail,0.040560650,inhand_early_stop,172,584,62.403344,failed,z_depth+orientation+inhand_bias,0.006698122,-0.000613213,-0.012390454,0.800001831,fail,0.040057621,inhand_early_stop,176,569,55.754707
1000099,pi,both_failed,failed,z_depth+inhand_bias,-0.001799608,-0.000997708,-0.024809398,0.993995142,fail,0.040143317,inhand_early_stop,237,680,78.895118,failed,z_depth+orientation+inhand_bias,-0.001652651,-0.000178836,-0.021116037,0.989174537,fail,0.040528651,inhand_early_stop,200,626,62.030994
